participant_id,participant_id_1,obecnosc_blaszek,gender,age,height,weight,rs3825807,rs1801274,rs4977574,rs17398575,rs17045031,rs6511720,rs9369640,rs9349379,rs8000449,rs10455872,rs6952610,rs3825807
10654,10240,0,2,38,147.9,90.1,G/G,G/G,A/G,"
",G/G,C/A,G/A,"
",G/G,"
",A/G,A/G
10309,10233,0,2,77,175.5,81.2,G/A,"
",G/G,"
",G/G,"
",G/G,T/T,"
",T/C,G/G,G/G
10822,11450,0,1,23,165.7,63.9,G/A,"
","
",G/G,G/G,"
",A/G,"
","
",T/C,"
","
"
10421,10948,0,2,71,159.2,92.8,A/G,"
","
",G/G,G/G,A/C,"
",C/T,A/G,C/C,A/G,A/G
10516,10518,0,2,62,172.7,131.6,A/A,G/A,G/G,G/G,G/G,C/A,G/A,"
","
",C/C,A/A,A/A
10277,11871,1,2,60,176.8,92.6,G/G,A/G,G/A,G/G,G/G,"
",A/G,C/C,A/A,C/C,A/G,A/G
11531,10068,0,2,31,172.6,91.3,G/G,G/A,G/G,"
",G/G,A/A,A/A,C/T,G/A,T/C,A/A,A/A
10480,10307,1,1,53,163.9,91.1,A/A,A/A,"
","
","
",C/A,"
","
",A/A,"
",G/G,G/G
10268,10178,0,1,28,165.2,72.4,A/A,A/G,G/G,G/G,G/G,A/C,"
",T/T,G/G,C/T,"
","
"
